Chromosome	Start_Position	End_Position	nMuts	Avg_intermutation_dist	Size	Tumor_Sample_Barcode	C>G	C>T	T>A	T>C	T>G	C>A
1	13370614	13371811	12	108.818181818182	1197	PCA80_80B_CM+	1	5	1	5	NA	NA
1	155189476	155190674	8	171.142857142857	1198	PCA80_80B_CM+	3	NA	NA	1	4	NA
2	293719	294062	9	42.875	343	PCA80_80B_CM+	2	3	NA	3	NA	1
3	75665112	75665747	17	39.6875	635	PCA80_80B_CM+	NA	6	1	2	5	3
6	909271	909589	6	63.6	318	PCA80_80B_CM+	4	1	1	NA	NA	NA
7	4128961	4129405	6	88.8	444	PCA80_80B_CM+	1	1	NA	1	1	2
7	100949583	100996286	75	631.121621621622	46703	PCA80_80B_CM+	13	25	3	26	2	6
7	142349205	142353329	19	229.111111111111	4124	PCA80_80B_CM+	4	7	NA	8	NA	NA
8	143071288	143072827	9	192.375	1539	PCA80_80B_CM+	1	2	1	5	NA	NA
9	136286167	136291574	8	772.428571428571	5407	PCA80_80B_CM+	1	2	NA	4	NA	1
11	1095069	1099661	31	153.066666666667	4592	PCA80_80B_CM+	5	12	2	6	1	5
11	1176525	1195112	23	844.863636363636	18587	PCA80_80B_CM+	1	9	3	9	NA	1
12	40490434	40490986	6	110.4	552	PCA80_80B_CM+	1	NA	2	1	1	1
12	40513550	40514478	14	71.3846153846154	928	PCA80_80B_CM+	1	4	1	5	3	NA
12	128844806	128846554	9	218.5	1748	PCA80_80B_CM+	2	3	NA	1	NA	3
13	112015026	112015962	17	58.5	936	PCA80_80B_CM+	NA	9	1	4	1	2
13	113346050	113347707	55	30.6851851851852	1657	PCA80_80B_CM+	2	21	7	20	4	1
13	113954957	113968465	18	794.588235294118	13508	PCA80_80B_CM+	1	7	NA	9	NA	1
14	106349462	106349626	6	32.8	164	PCA80_80B_CM+	3	NA	NA	1	NA	2
17	21702902	21703531	9	78.625	629	PCA80_80B_CM+	1	6	NA	1	NA	1
19	39885703	39886439	7	122.666666666667	736	PCA80_80B_CM+	NA	2	NA	3	1	1
19	39902109	39906242	44	96.1162790697674	4133	PCA80_80B_CM+	11	9	2	12	4	6
22	24003719	24005391	7	278.666666666667	1672	PCA80_80B_CM+	NA	4	NA	3	NA	NA
22	45328121	45328333	8	30.2857142857143	212	PCA80_80B_CM+	NA	5	NA	3	NA	NA
23	49304813	49304907	8	13.4285714285714	94	PCA80_80B_CM+	2	3	NA	1	NA	2
